,t,h,track_x,track_y,track_z,camera_0_simple_z,camera_1_simple_z
0,-0.1,0.09577665520218487,2.5777504361168297,-0.48068790531771555,0.0,0.481603110240963,0.4634785
1,-0.09000000000000001,0.12790924370329948,2.57724427927357,-0.4800684107541944,-0.004493370731530444,0.47214837664670856,0.4634785
2,-0.08000000000000002,0.05128528924210739,2.5791447704865806,-0.4818790861928477,-0.0066349734680368755,0.4679256221556906,0.4634785
3,-0.07000000000000002,0.11369740730263693,2.5783176019219205,-0.48104201031934934,-0.0075608140456293604,0.4658804060240964,0.4634785
4,-0.060000000000000026,0.13656085159058393,2.574973265246646,-0.4777610265092047,-0.0073646536287333975,0.4658452253012048,0.4634785
5,-0.05000000000000003,0.04726856957131531,2.5747093696499004,-0.47745688324585345,-0.009094564117492099,0.46219369401197674,0.4634785
6,-0.040000000000000036,-0.011434603082546985,2.5761494485824468,-0.47883249544978135,-0.010628811856007614,0.4591777066265057,0.4634785
7,-0.03000000000000004,0.04232590708791051,2.582718936860317,-0.4853034799013862,-0.009993591049427542,0.46138089939759047,0.4634785
8,-0.020000000000000046,0.10102907974234365,2.5836675734606143,-0.4863310586770968,-0.006341877152846953,0.46913984670658854,0.4634785
9,-0.01000000000000005,0.11369689230183795,2.5796262063372097,-0.4825310147017632,-1.2738979453974508e-05,0.4818255952095824,0.4634785
10,-5.551115123125783e-17,0.11369689230196019,2.5803396016392046,-0.4816295356957081,-0.0012652886727837487,0.47809873975903433,0.4645020274626866
11,0.00999999999999994,0.26200600174381783,2.582252940714369,-0.48023745256905315,-0.002238486904099113,0.47382435089820546,0.46662113194029853
12,0.019999999999999934,0.4767434339155443,2.5731445320816846,-0.4835328879956524,0.0018977805777531387,0.47804710538922335,0.4704245408114559
13,0.029999999999999943,0.4090767144876689,2.566041641549008,-0.4882563209456361,0.010170318590158378,0.48682368614458504,0.47826302728358316
14,0.039999999999999925,0.5076435459425985,2.5779063509671793,-0.48365767906259016,0.03236187714727923,0.49963856566265974,0.5100033854925382
15,0.049999999999999906,0.7724463791246159,2.581337370437799,-0.48342239655507413,0.0646933216710488,0.530831674850324,0.5440890404179114
16,0.059999999999999915,0.990908875720776,2.5754065889701323,-0.4888126376495112,0.10050827669925377,0.5660880638554454,0.580961338925374
17,0.06999999999999992,1.281069045663008,2.572348983668194,-0.48961658926427987,0.13891984445216976,0.6066128831325269,0.6177633741492545
18,0.0799999999999999,1.585762448065132,2.570839733543785,-0.4886484418019048,0.18299711415120723,0.6573104137724318,0.6559411962410511
19,0.08999999999999989,1.6892858598728988,2.5760543320376286,-0.48303219648596496,0.23727714980375825,0.7166735874251258,0.7057645255966607
20,0.0999999999999999,1.7517107252784,2.5814647785465255,-0.48515325200031256,0.29070191677749135,0.7708269451807102,0.7591696382089581
21,0.1099999999999999,2.1726307665512743,2.581647616506663,-0.4922014749586694,0.3461767307933509,0.8241346940119714,0.8173033695522416
22,0.11999999999999988,2.531129223891156,2.5844584248672504,-0.4976441290854101,0.40390487636115147,0.877189903592809,0.8799283276417939
23,0.12999999999999987,2.7280065807791845,2.5886885612581008,-0.5032330719911506,0.4662924372996362,0.9373376722891564,0.9447717499701521
24,0.13999999999999987,3.0105014792646636,2.5937467083143524,-0.5095209874074964,0.5361966572077956,1.0035272506024222,1.0183390335522415
25,0.14999999999999988,3.33288222061767,2.6005315236391677,-0.5162175957758688,0.6158437047100107,1.084309233532951,1.0967054582338942
26,0.1599999999999999,3.5387391039548675,2.6082734749171657,-0.5215659833763375,0.7005809034314676,1.167626295180743,1.182093286396187
27,0.16999999999999985,3.700093864035304,2.614612706756793,-0.5231206631579077,0.7835718345987845,1.2529943674699155,1.2614582388059752
28,0.17999999999999985,3.933163958973443,2.6243921037053255,-0.5278795529943938,0.8704552946497506,1.347448413173704,1.3394433074626924
29,0.18999999999999986,4.291135321891227,2.632295199694294,-0.5390821707465712,0.9686468560289514,1.4493364371257988,1.4319943522388117
30,0.19999999999999982,4.851919225542654,2.639541415854147,-0.5496431254350753,1.0596571445513807,1.5329792409639087,1.527700644776125
31,0.20999999999999983,5.400974976734283,2.6457880827550397,-0.5603127609406062,1.1567257565950668,1.6228893293414144,1.6285549731343336
32,0.21999999999999983,5.950030727925912,2.658853602798981,-0.564596831859804,1.2712178936151077,1.7438408263474015,1.731894950477334
33,0.22999999999999984,6.499086479117541,2.676855392166381,-0.5678427012554383,1.3815296946553801,1.8543070838324154,1.836448284179114
34,0.23999999999999985,7.048142230309169,2.6879131663082116,-0.5777335886816282,1.4906741493316216,1.956194508982115,1.9468029110447858
35,0.2499999999999998,7.597197981500796,2.704285566436198,-0.5934273432280168,1.6103541820848184,2.0755769036144804,2.059678017910457
36,0.2599999999999998,8.146253732692424,2.719756741994882,-0.6080963283177407,1.733843928278627,2.196698850299361,2.177152644776128
37,0.2699999999999998,8.695309483884053,2.729102243413754,-0.6160257755646334,1.862661295050604,2.315529988023911,2.3059071844776216
38,0.2799999999999998,8.754641796828489,2.7421285456613607,-0.6276014969257258,1.9992509695586294,2.4430051746987624,2.4399893365155227
39,0.2899999999999998,8.95086851173522,2.7634740834963374,-0.6386153475733636,2.1396788663250117,2.5775527650602337,2.5728234653938067
40,0.2999999999999998,9.920205177105082,2.7867994466923527,-0.6533761239212499,2.2816017328911253,2.713301335329336,2.70607035223882
41,0.30999999999999983,10.715269761872083,2.8084726822324484,-0.6701001948395682,2.4242613876963417,2.848439867469879,2.8401628895522526
42,0.31999999999999984,11.581467167438978,2.82857845558339,-0.6882137851448569,2.5606976212149406,2.9808892650602656,2.9641785647761316
43,0.32999999999999974,12.465703612208394,2.8498940491808895,-0.7100826465145484,2.701538818307547,3.1259841017964467,3.082839460298518
44,0.33999999999999975,12.641465749926283,2.8784369574709014,-0.7310364732773458,2.8600547252198774,3.281014640718601,3.222400361791057
45,0.34999999999999976,13.186134394571203,2.9175235410724945,-0.7564302057834675,3.0095303674738996,3.4179563614458393,3.3606153896181508
46,0.35999999999999976,14.054211803333581,2.964378704693715,-0.7795754902211307,3.1599539981213045,3.5583362155689517,3.4946529791169603
47,0.3699999999999998,14.96918408024148,3.003988498023256,-0.8117807384612581,3.3242661476777604,3.7177110658683516,3.6346723498507636
48,0.3799999999999998,16.320181458456496,3.029151443965608,-0.8377056665088913,3.484583327435764,3.8655815421687656,3.7782502602985244
49,0.3899999999999998,17.34439516600353,3.0537133111309114,-0.851741446599724,3.6297828419093245,4.0044128674699975,3.9015110698507605
50,0.3999999999999998,18.43119065249525,3.0960630105435882,-0.8830648169330555,3.805495129894346,4.180830610778598,4.03952673074629
51,0.4099999999999998,18.75523746531784,3.146274700681346,-0.9141055168208432,4.007864822879837,4.360211156626629,4.21872792477614
52,0.4199999999999998,19.53695823614499,3.188735522253472,-0.9561605417868124,4.186438157032535,4.535529228915668,4.358579582338909
53,0.4299999999999997,20.622318818973987,3.227198982547744,-1.0066571635259702,4.347232932904149,4.704236604790375,4.472416097852024
54,0.4399999999999997,21.45005840069427,3.293058908656823,-1.0422456141168226,4.5639825601151145,4.867956964071811,4.6819522734328265
55,0.44999999999999973,22.470492578970124,3.354327502459997,-1.074023089900047,4.7922187771124864,5.057472734939739,4.883351176119397
56,0.45999999999999974,23.77863383334891,3.416744293236853,-1.1110759296715553,4.994278506330838,5.245536844311384,5.037646698507456
57,0.46999999999999975,24.568512739245193,3.491672631981894,-1.1555703950882918,5.208732110973342,5.419927862275454,5.221330600597018
58,0.47999999999999976,24.697809624500223,3.556550224480727,-1.1898877042384681,5.445751762171698,5.609406337349425,5.426647615522413
59,0.48999999999999977,25.287444948049714,3.5991470712572795,-1.2291565419424932,5.642894013633072,5.8102665783133185,5.554904230906928
60,0.49999999999999967,25.994785325735823,3.6603405555785784,-1.2842473586810952,5.828917571355616,5.988968808383291,5.680318044776116
61,0.5099999999999997,26.565785507252453,3.727712120056811,-1.3388443247137376,6.031729689345077,6.172389433735014,5.825104910447758
62,0.5199999999999997,27.276715620611913,3.8040930830705495,-1.3880436248465902,6.287225041439029,6.377691240963969,6.029945208955217
63,0.5299999999999997,27.91614385285508,3.8901324974086666,-1.4289986504248224,6.568597507001588,6.568753868263586,6.283920134328351
64,0.5399999999999997,28.0383024240582,3.9775506936274674,-1.4685943555277081,6.847136254829191,6.749505365269574,6.537895059701484
65,0.5499999999999997,27.908823074630718,4.056873092955332,-1.5055948573649056,7.128368847468556,6.93314063855422,6.790409606205244
66,0.5599999999999997,28.379502764963252,4.124269718452938,-1.5518686667751789,7.4039717118024555,7.112032946107705,7.037082637231502
67,0.5699999999999997,28.8505766726417,4.19810101563567,-1.6051633697059815,7.648356880589031,7.2758407305388415,7.243421017910448
68,0.5799999999999997,28.850574910163367,4.261621255875632,-1.655157133545944,7.8797528653434075,7.45555301796407,7.413119525373134
69,0.5899999999999996,29.21698897594534,4.332404943878705,-1.6916745981451866,8.129664475700569,7.646782359281594,7.5949331361194
70,0.5999999999999996,30.035962867677718,4.417429175873865,-1.7367490801572023,8.376556101020435,7.823628927710895,7.778485971940295
71,0.6099999999999997,30.21645656081091,4.49419798186597,-1.7833748290228248,8.62083961292441,7.997169604790384,7.960066270447758
72,0.6199999999999997,30.097858500151176,4.559606149551007,-1.8204649489657996,8.85714323671494,8.165060023952059,8.135081390214795
73,0.6299999999999997,30.198220365114036,4.634655394541918,-1.8677599848483242,9.090287739275869,8.328670638554199,8.303505017899763
74,0.6399999999999997,30.23667799367108,4.717496261905504,-1.9223770135323406,9.321902608767719,8.489182084337362,8.467128921194032
75,0.6499999999999997,30.2381666895526,4.7909889523056854,-1.9684096484144362,9.553297114843541,8.650679574850313,8.629369692537317
76,0.6599999999999996,30.41830153363581,4.864335742903098,-2.012627473655865,9.784418973696361,8.810897572289175,8.789590588059703
77,0.6699999999999996,30.547630141904914,4.933099352616027,-2.0558394117689014,10.00948661235363,8.96701986144583,8.94363396238806
78,0.6799999999999996,30.652998763466965,4.999874261205681,-2.1003530139973927,10.226583863970156,9.116336227544965,9.090794559402985
79,0.6899999999999996,30.758367385029015,5.064075926903094,-2.147438763250352,10.43300408102985,9.26092305389227,9.225578461813845
80,0.6999999999999996,30.863736006591065,5.129814457386447,-2.1960384346105943,10.636746168029246,9.399651180722968,9.35955460179105
81,0.7099999999999996,30.969104628153115,5.195058501446949,-2.2435020943396493,10.853024477920338,9.537654664670752,9.510264452537319
82,0.7199999999999996,31.074473249715165,5.266197606832401,-2.2891700201734935,11.06564973486478,9.675045682634824,9.651968654328362
83,0.7299999999999996,31.179841871277215,5.345042588004546,-2.333326357416917,11.274327008342173,9.812925018072328,9.78253163940299
84,0.7399999999999997,31.157242009954448,5.412466424940556,-2.385782387891707,11.473284635923408,9.951143692771032,9.900937122388063
85,0.7499999999999996,31.294219470900966,5.476459979884909,-2.4405436856154434,11.669636102958535,10.088592646706525,10.015745402744633
86,0.7599999999999996,31.183297577883515,5.540909350492321,-2.4958764179335207,11.86752418928838,10.22619885542163,10.130491822792367
87,0.7699999999999996,31.268411891713424,5.605988916725442,-2.5520269741676245,12.067402754622815,10.364417530120454,10.245267083582094
88,0.7799999999999996,31.522272258859285,5.6713123965961465,-2.608359685256967,12.268385077224654,10.502139610778425,10.360082008955228
89,0.7899999999999996,31.76472441940255,5.736932865837126,-2.6649722746166873,12.470579339833662,10.639530628742495,10.474896934328363
90,0.7999999999999996,31.728988460003404,5.803827534795305,-2.7222170212328436,12.675125771313613,10.777691367469885,10.589776077611944
91,0.8099999999999996,31.70839087101922,5.878815843129184,-2.776037677453978,12.883900352503577,10.915686574850323,10.705495480597019
92,0.8199999999999995,31.70839087101922,5.954097573858766,-2.8299946047386504,13.093767640350087,11.053077592814391,10.821187541766115
93,0.8299999999999995,31.646846966087438,6.030062097141583,-2.884747069199949,13.305659539584017,11.190965204819312,10.936837899761343
94,0.8399999999999995,31.602674529649036,6.104894530494523,-2.940042041442233,13.524440882570842,11.329183879518135,11.059795462686575
95,0.8499999999999995,31.716580456131823,6.179290992211607,-2.9952638048506204,13.746196259080964,11.46662455688629,11.185594716417919
96,0.8599999999999995,31.74090017476699,6.258003284971155,-3.0531420079940297,13.968184769509065,11.600463433735001,11.311393970149261
97,0.8699999999999996,32.29730633856371,6.3476223583131635,-3.117517435802556,14.18799440470313,11.72469837349406,11.437165451968982
98,0.8799999999999996,32.04863080065166,6.412470624981111,-3.1604521456387866,14.401518438298597,11.849589940119856,11.562889646479725
99,0.8899999999999996,31.809147247682677,6.461400664220161,-3.1896560036307706,14.611313989376033,11.974901317365363,11.688665932089563
100,0.8999999999999996,31.631089470110847,6.542233885420792,-3.240389710540893,14.818487660658688,12.081091686747001,11.814465185820907
101,0.9099999999999996,32.04515719561746,6.622754835378975,-3.2903847742067516,15.026242902087033,12.18645898203589,11.94026443955225
102,0.9199999999999996,31.78631632984639,6.696350351283643,-3.334538633863393,15.233664010121727,12.292848203592776,12.066063693283594
103,0.9299999999999996,31.65826230265965,6.765287085923802,-3.3773942263225987,15.447848723096609,12.408259580838278,12.191862947014936
104,0.9399999999999996,31.955689749828526,6.831368642540125,-3.4195625339294926,15.666881937712613,12.529439221556839,12.31761198612769
105,0.9499999999999994,32.032249040101306,6.901390262205775,-3.4607016283153307,15.877977641355741,12.637284337349374,12.443336180638415
106,0.9599999999999994,32.07096402894535,6.972655950594774,-3.5027696172751437,16.090993398464263,12.74529269461077,12.569134908955213
107,0.9699999999999994,32.16700783356811,7.045623396477247,-3.547421137553,16.307163244295285,12.855909461077834,12.693801940298503
108,0.9799999999999994,32.01587015901984,7.117879117045483,-3.588965989178644,16.514228221011937,12.956507590361447,12.816040746268664
109,0.9899999999999994,32.02827833384824,7.185761473888977,-3.634295667787635,16.694148030563273,13.050700361445802,12.911572979104486
110,0.9999999999999994,31.947871065002452,7.249027488216475,-3.68023442121084,16.859161919344466,13.142332155688642,12.992277456716424
111,1.0099999999999993,32.18289208006346,7.321875588161516,-3.717753791352486,17.05232825362418,13.232381927710863,13.103939045346062
112,1.0199999999999994,32.398932377101765,7.39413572570473,-3.75803278754014,17.237062069859565,13.318710240963892,13.20797779104477
113,1.0299999999999994,32.28538913548264,7.4592632555191525,-3.8047119531734506,17.402692152733984,13.404718053892259,13.291052417910443
114,1.0399999999999994,32.11799328001523,7.5317411764270314,-3.8475361814759346,17.577177088504314,13.490529431137766,13.380728023880591
115,1.0499999999999994,32.301024872005755,7.60935132084785,-3.8885461830491224,17.758332943632308,13.576831897590418,13.474501158208948
116,1.0599999999999994,32.38615057958517,7.665022898312262,-3.942436314282065,17.91239515014506,13.663010299401266,13.544766471641786
117,1.0699999999999994,32.35872637366121,7.726092739070804,-3.993407181426509,18.072712911961073,13.748821676646775,13.619600035799516
118,1.0799999999999994,32.462095224013375,7.806261101725365,-4.034881066865628,18.25534915706876,13.8349535542169,13.710948484486869
119,1.0899999999999994,32.49014005967183,7.878886652128189,-4.080296896156438,18.434184194173,13.921281867469855,13.799978101492535
120,1.0999999999999992,32.47624162634598,7.945989583875441,-4.127990904973312,18.609925512651127,14.007113922155659,13.887402977114423
121,1.1099999999999992,32.54722326622606,8.013541785688622,-4.176025646019171,18.78683096557332,14.093075210843349,13.974827852736313
122,1.1199999999999992,32.565837328278576,8.081682838597777,-4.224600209010042,18.965180000452914,14.179403524096378,14.062252728358205
123,1.1299999999999992,32.61560391764839,8.150026447937504,-4.273147563414609,19.14420736371285,14.265406167664668,14.149677603980095
124,1.1399999999999992,32.67781215436034,,,,14.351217544910176,
125,1.1499999999999992,32.740020391072285,,,,14.437525180722904,
126,1.1599999999999993,32.80222862778424,,,,14.523698413173676,
127,1.1699999999999993,32.864436864496184,,,,14.609509790419184,
128,1.1799999999999993,32.92664510120813,,,,14.695646837349429,
129,1.1899999999999993,32.98885333792008,,,,14.781975150602458,
130,1.1999999999999993,33.0510615746316,,,,14.867802035928191,
131,1.2099999999999993,33.05106157463351,,,,14.953768493975934,
132,1.2199999999999993,33.299269600275906,,,,15.04009680722889,
133,1.2299999999999993,33.110010277130996,,,,15.126094281437126,
134,1.2399999999999993,32.727782272515846,,,,15.211905658682706,
135,1.2499999999999993,33.389867465404635,,,,15.298218463855441,
136,1.2599999999999993,33.27196633709518,,,,15.384386526946088,
137,1.2699999999999991,33.05602565898196,,,,15.470197904191593,
138,1.2799999999999991,33.30671596110937,,,,15.550466385542157,
139,1.2899999999999991,33.38986746540497,,,,15.62761698795181,
140,1.2999999999999992,33.472399298435946,,,,15.710517604790422,
141,1.3099999999999992,33.37993888172784,,,,15.78564263473054,
142,1.3199999999999992,33.37435405889257,,,,15.843199520958086,
143,1.3299999999999992,33.59526782936882,,,,15.903642409638563,
144,1.3399999999999992,33.59526782936882,,,,15.965708674698817,
145,1.3499999999999992,33.909894414871076,,,,16.050379101796437,
146,1.3599999999999992,33.428340844577875,,,,16.124414578313274,
147,1.3699999999999992,33.82098404464732,,,,16.173751927710875,
148,1.3799999999999992,33.77647140901802,,,,16.228455329341354,
149,1.3899999999999992,33.89897237889725,,,,16.28604814371261,
150,1.3999999999999992,33.733218177079664,,,,16.358527469879515,
151,1.4099999999999993,34.019800123213294,,,,16.40802,
152,1.419999999999999,34.05386971851112,,,,16.40802,
153,1.429999999999999,33.93211122690748,,,,16.40802,
154,1.439999999999999,34.20566777945574,,,,16.40802,
155,1.449999999999999,34.096814721354534,,,,16.40802,
156,1.459999999999999,34.08955365761938,,,,16.40802,
157,1.469999999999999,34.03295592538201,,,,16.40802,
158,1.479999999999999,34.26952768704369,,,,16.40802,
159,1.489999999999999,34.40879250855812,,,,16.40802,
160,1.4999999999999991,34.269341253408854,,,,16.40802,
161,1.5099999999999991,34.29211736482989,,,,16.40802,
162,1.5199999999999991,34.049091614851555,,,,16.40802,
163,1.5299999999999991,34.157881220492,,,,16.40802,
164,1.5399999999999991,34.42995593785474,,,,16.40802,
165,1.5499999999999992,34.28870421537741,,,,16.40802,
166,1.5599999999999992,34.26983757625567,,,,16.40802,
167,1.5699999999999992,34.54576422532067,,,,16.40802,
168,1.5799999999999992,34.61105396563064,,,,16.40802,
169,1.589999999999999,34.489783412742106,,,,16.40802,
170,1.599999999999999,34.50345503976442,,,,16.40802,
171,1.609999999999999,34.5340924607324,,,,16.40802,
172,1.619999999999999,34.564729881700394,,,,16.40802,
173,1.629999999999999,34.59536730266838,,,,16.40802,
174,1.639999999999999,34.62600472363637,,,,16.40802,
175,1.649999999999999,34.656642144604355,,,,16.40802,
176,1.659999999999999,34.695336321916,,,,16.40802,
177,1.669999999999999,34.695460433218926,,,,16.40802,
178,1.679999999999999,34.642458093454294,,,,16.40802,
179,1.689999999999999,34.753429127438814,,,,16.40802,
180,1.699999999999999,34.996228766177616,,,,16.40802,
181,1.709999999999999,35.09652752619877,,,,16.40802,
182,1.719999999999999,34.90474422052302,,,,16.40802,
183,1.729999999999999,34.70129466992712,,,,16.40802,
184,1.7399999999999989,34.86465035474729,,,,16.40802,
185,1.749999999999999,35.079600443972126,,,,16.40802,
186,1.759999999999999,35.10956167486433,,,,16.40802,
187,1.769999999999999,34.98915277476741,,,,16.40802,
188,1.779999999999999,34.899156777129974,,,,16.40802,
189,1.789999999999999,34.899156777129974,,,,16.40802,
190,1.799999999999999,34.698069654905375,,,,16.40802,
191,1.809999999999999,34.71793066490009,,,,16.40802,
192,1.819999999999999,34.92305204672428,,,,16.40802,
193,1.829999999999999,34.89077795601019,,,,16.40802,
194,1.839999999999999,34.96805033619648,,,,16.40802,
195,1.849999999999999,34.9804634169199,,,,16.40802,
196,1.859999999999999,34.806059619164714,,,,16.40802,
197,1.869999999999999,34.91405506150455,,,,16.40802,
198,1.879999999999999,35.0807005201277,,,,16.40802,
199,1.889999999999999,34.911571030926666,,,,16.40802,
200,1.899999999999999,34.798921657631674,,,,16.40802,
201,1.9099999999999988,34.87495145265745,,,,16.40802,
202,1.919999999999999,35.053081684906914,,,,16.40802,
203,1.9299999999999988,35.03322069978317,,,,16.40802,
204,1.939999999999999,34.806059508779924,,,,16.40802,
205,1.9499999999999988,34.71420374693105,,,,16.40802,
206,1.959999999999999,34.687205946254764,,,,16.40802,
207,1.9699999999999989,34.73406453180323,,,,16.40802,
208,1.979999999999999,34.960913839458335,,,,16.40802,
209,1.9899999999999989,35.12259572830226,,,,16.40802,
210,1.9999999999999987,34.895746420646965,,,,16.40802,
211,2.009999999999999,34.744925872422876,,,,16.40802,
212,2.0199999999999987,34.68193171921256,,,,16.40802,
213,2.029999999999999,34.735928540017184,,,,16.40802,
214,2.0399999999999987,34.88736444980139,,,,16.40802,
215,2.049999999999999,34.80957728392453,,,,16.40802,
216,2.0599999999999987,34.73717059948799,,,,16.40802,
217,2.069999999999999,34.66476391505144,,,,16.40802,
218,2.0799999999999987,34.59235723061489,,,,16.40802,
219,2.089999999999999,34.519950546178336,,,,16.40802,
220,2.0999999999999988,34.44754386174179,,,,16.40802,
221,2.109999999999999,34.37513717730524,,,,16.40802,
222,2.1199999999999988,34.3027304928687,,,,16.40802,
223,2.129999999999999,34.59032744630557,,,,16.40802,
224,2.139999999999999,34.87408297228105,,,,16.40802,
225,2.1499999999999986,35.014041004044444,,,,16.40802,
226,2.159999999999999,35.09447937680078,,,,16.40802,
227,2.1699999999999986,35.20291136466687,,,,16.40802,
228,2.179999999999999,35.240524380176794,,,,16.40802,
229,2.1899999999999986,35.0450130786103,,,,16.40802,
230,2.199999999999999,34.86303499853645,,,,16.40802,
231,2.2099999999999986,35.09553649127894,,,,16.40802,
232,2.219999999999999,35.17150491910555,,,,16.40802,
233,2.2299999999999986,35.10931340102221,,,,16.40802,
234,2.239999999999999,35.09032082403428,,,,16.40802,
235,2.2499999999999987,35.264111137368516,,,,16.40802,
236,2.259999999999999,35.17175389493504,,,,16.40802,
237,2.2699999999999987,35.27664898021977,,,,16.40802,
238,2.279999999999999,35.25144866077927,,,,16.40802,
239,2.2899999999999987,35.20824899584113,,,,16.40802,
240,2.2999999999999985,35.43852575798514,,,,16.40802,
241,2.3099999999999987,35.31041484139252,,,,16.40802,
242,2.3199999999999985,35.257965610119676,,,,16.40802,
243,2.3299999999999987,35.25933106750738,,,,16.40802,
244,2.3399999999999985,35.337723935117964,,,,16.40802,
245,2.3499999999999988,35.43455196065953,,,,16.40802,
246,2.3599999999999985,35.38986194504197,,,,16.40802,
247,2.3699999999999988,35.46484222990642,,,,16.40802,
248,2.3799999999999986,35.50990482777706,,,,16.40802,
249,2.389999999999999,35.38477254990719,,,,16.40802,
250,2.3999999999999986,35.43715909475541,,,,16.40802,
251,2.409999999999999,35.504318517107414,,,,16.40802,
252,2.4199999999999986,35.59487967765447,,,,16.40802,
253,2.429999999999999,35.715732754697136,,,,16.40802,
254,2.4399999999999986,35.89034322638351,,,,16.40802,
255,2.449999999999999,35.94937460408255,,,,16.40802,
256,2.4599999999999986,35.543551443180746,,,,16.40802,
257,2.4699999999999984,35.59990868079897,,,,16.40802,
258,2.4799999999999986,35.57476895224741,,,,16.40802,
259,2.4899999999999984,35.25709849197957,,,,16.40802,
260,2.4999999999999987,35.456527209922285,,,,16.40802,
261,2.5099999999999985,35.51499474701563,,,,16.40802,
262,2.5199999999999987,35.51186226771329,,,,16.40802,
263,2.5299999999999985,35.55367414912079,,,,16.40802,
264,2.5399999999999987,35.59548603052829,,,,16.40802,
265,2.5499999999999985,35.63729791193579,,,,16.40802,
266,2.5599999999999987,35.679109793343294,,,,16.40802,
267,2.5699999999999985,35.72092167475079,,,,16.40802,
268,2.5799999999999987,35.762733556158295,,,,16.40802,
269,2.5899999999999985,35.808778908736834,,,,16.40802,
270,2.5999999999999988,35.8339183206117,,,,16.40802,
271,2.6099999999999985,35.6557733337182,,,,16.40802,
272,2.6199999999999988,35.684637299498476,,,,16.40802,
273,2.6299999999999986,35.82864288375636,,,,16.40802,
274,2.6399999999999983,35.70263614692143,,,,16.40802,
275,2.6499999999999986,35.65685763844165,,,,16.40802,
276,2.6599999999999984,35.691307358316514,,,,16.40802,
277,2.6699999999999986,35.739257896675795,,,,16.40802,
278,2.6799999999999984,35.81250334107649,,,,16.40802,
279,2.6899999999999986,35.688360648584315,,,,16.40802,
280,2.6999999999999984,35.61511520418696,,,,16.40802,
281,2.7099999999999986,35.90965007193958,,,,16.40802,
282,2.7199999999999984,35.98537843646845,,,,16.40802,
283,2.7299999999999986,35.83329763734957,,,,16.40802,
284,2.7399999999999984,35.80660632738727,,,,16.40802,
285,2.7499999999999987,35.74018975291985,,,,16.40802,
286,2.7599999999999985,35.607356603984854,,,,16.40802,
287,2.7699999999999987,35.53938826730397,,,,16.40802,
288,2.7799999999999985,35.53628474287688,,,,16.40802,
289,2.7899999999999983,35.53318121844979,,,,16.40802,
290,2.7999999999999985,35.66648210066824,,,,16.40802,
291,2.8099999999999983,35.93618738953007,,,,16.40802,
292,2.8199999999999985,35.936340277270716,,,,16.40802,
293,2.8299999999999983,35.65297951247128,,,,16.40802,
294,2.8399999999999985,35.56297531349292,,,,16.40802,
295,2.8499999999999983,35.53597485178803,,,,16.40802,
296,2.8599999999999985,35.741435704853785,,,,16.40802,
297,2.8699999999999983,36.032553828757955,,,,16.40802,
298,2.8799999999999986,35.80040246815756,,,,16.40802,
299,2.8899999999999983,35.53628480595936,,,,16.40802,
300,2.8999999999999986,35.61697758765561,,,,16.40802,
301,2.9099999999999984,35.69425578754432,,,,16.40802,
302,2.9199999999999986,35.58625197484741,,,,16.40802,
303,2.9299999999999984,35.58407947474984,,,,16.40802,
304,2.939999999999998,35.6545299039426,,,,16.40802,
305,2.9499999999999984,35.70108373799365,,,,16.40802,
306,2.959999999999998,35.652978683799674,,,,16.40802,
307,2.9699999999999984,35.535974420556286,,,,16.40802,16.406688972556573
308,2.979999999999998,35.50264749376019,,,,16.40802,16.418779487722677
309,2.9899999999999984,35.480684390169046,,,,16.40802,16.43087000288878
310,2.9999999999999982,35.45872128657789,,,,16.40802,16.442956095927325
311,3.0099999999999985,35.436758182986736,,,,16.40802,16.455039397182233
312,3.0199999999999982,35.41479507939559,,,,16.40802,16.46712945787193
313,3.0299999999999985,35.392831975804434,,,,16.40802,16.479219973038035
314,3.0399999999999983,35.37086887221328,,,,16.40802,16.491310488204142
315,3.0499999999999985,35.34890576862213,,,,16.40802,16.503401003370247
316,3.0599999999999983,35.342316837544786,,,,16.40802,16.51549151853635
317,3.0699999999999985,35.76204308387196,,,,16.40802,16.527575454615445
318,3.0799999999999983,35.64776646134162,,,,16.40802,16.539660458353392
319,3.0899999999999985,35.591651942872325,,,,16.40802,16.5517509735195
320,3.0999999999999983,35.388746028901366,,,,16.40802,16.563841488685604
321,3.109999999999998,35.421021153684244,,,,16.40802,16.57593200385171
322,3.1199999999999983,35.714865069343716,,,,16.40802,16.588022519017816
323,3.129999999999998,35.81653795042075,,,,16.40802,16.60011151204866
324,3.1399999999999983,35.408983680841594,,,,16.40802,16.612194813303564
325,3.149999999999998,35.348467780172456,,,,16.40802,16.624281974000965
326,3.1599999999999984,35.549258256855126,,,,16.40802,16.63637248916707
327,3.169999999999998,35.56887202547203,,,,16.40802,16.648463004333173
328,3.1799999999999984,35.47886982461768,,,,16.40802,16.66055351949928
329,3.189999999999998,35.36987578016951,,,,16.40802,16.67264403466538
330,3.1999999999999984,35.30582037174019,,,,16.40802,16.684730870736775
331,3.209999999999998,35.29886867757887,,,,16.40802,16.696814171991683
332,3.2199999999999984,35.23406946933179,,,,16.40802,16.6723560597015
333,3.229999999999998,35.19086999716819,,,,16.40802,16.640631361194036
334,3.2399999999999984,35.24971062068082,,,,16.40802,16.608941808955226
335,3.2499999999999982,35.0945429697437,,,,16.40802,16.578257820895523
336,3.2599999999999985,35.13252767521147,,,,16.40802,16.548645880597014
337,3.2699999999999982,35.244248471426545,,,,16.40802,16.508790924821007
338,3.279999999999998,35.248717384095656,,,,16.40802,16.46792131940299
339,3.2899999999999983,35.10757634130685,,,,16.40802,16.43620191641791
340,3.299999999999998,35.20998855427675,,,,16.40802,16.405464137313434
341,3.3099999999999983,35.2190494602016,,,,16.40802,16.37588801791045
342,3.319999999999998,35.16927048175733,,,,16.40802,16.33470012537314
343,3.3299999999999983,35.16852564726414,,,,16.40802,16.29324704057279
344,3.339999999999998,35.15362941399508,,,,16.40802,16.276182601431984
345,3.3499999999999983,34.91678575730795,,,,16.40802,16.25076004179105
346,3.359999999999998,34.62334326178518,,,,16.40802,16.21434810149254
347,3.3699999999999983,34.66256732433332,,,,16.40802,16.174614400000003
348,3.379999999999998,34.748959687989554,,,,16.40802,16.134328429850754
349,3.3899999999999983,34.712466004877996,,,,16.40802,16.099797086567165
350,3.399999999999998,34.79985312253117,,,,16.40802,16.070895877088304
351,3.4099999999999984,34.87433061568299,,,,16.40802,16.050197786396186
352,3.419999999999998,34.84230502538549,,,,16.40802,16.016629426865673
353,3.429999999999998,34.708494383090404,,,,16.40802,15.978255743283583
354,3.439999999999998,34.67075908246064,,,,16.40802,15.938715444776122
355,3.449999999999998,34.67656459483832,,,,16.40802,15.90108810746269
356,3.459999999999998,34.64486467264061,,,,16.40802,15.866568704477611
357,3.469999999999998,34.613164750442905,,,,16.40802,15.832931599045349
358,3.479999999999998,34.5814648282452,,,,16.40802,15.799568179104483
359,3.489999999999998,34.54976490604749,,,,16.40802,15.763174149253732
360,3.4999999999999982,34.51806498384979,,,,16.40802,15.726324447761192
361,3.509999999999998,34.483204725133064,,,,16.40802,15.688646835820899
362,3.5199999999999982,34.42077034700782,,,,16.40802,15.650128865671643
363,3.529999999999998,34.388746695211786,,,,16.40802,15.61123115155131
364,3.5399999999999983,34.54123311511646,,,,16.40802,15.575461461813843
365,3.549999999999998,34.49375588667977,,,,16.40802,15.538653552238811
366,3.5599999999999983,34.20299861965325,,,,16.40802,15.499728179104487
367,3.569999999999998,34.21025964859291,,,,16.40802,15.462044429850755
368,3.579999999999998,34.23893193700343,,,,16.40802,15.42501756417911
369,3.589999999999998,34.46111130441217,,,,16.40802,15.395985686157523
370,3.599999999999998,34.12846490256278,,,,16.40802,15.361982650746281
371,3.609999999999998,34.0510150765425,,,,16.40802,15.316149814925378
372,3.619999999999998,34.143002358116945,,,,16.40802,15.276240800000005
373,3.629999999999998,34.091028105814,,,,16.40802,15.239840800000009
374,3.639999999999998,34.03905385351106,,,,16.40802,15.193597874626874
375,3.649999999999998,33.98707960120811,,,,16.40802,15.152642947494037
376,3.659999999999998,33.946694773396345,,,,16.40802,15.12668232696898
377,3.669999999999998,33.97722778081763,,,,16.40802,15.086868173134336
378,3.679999999999998,33.73259738693301,,,,16.40802,15.037895038805974
379,3.689999999999998,33.71751770193805,,,,16.40802,15.004285200000005
380,3.699999999999998,33.74258882385729,,,,16.40802,14.967996125373146
381,3.709999999999998,33.96822892111959,,,,16.40802,14.920163289552244
382,3.719999999999998,33.94024116075134,,,,16.40802,14.87473616945108
383,3.729999999999998,33.68047024170326,,,,16.40802,14.831072684964209
384,3.739999999999998,33.642616781365696,,,,16.40802,14.800612931343288
385,3.749999999999998,33.883894063328576,,,,16.40802,14.766498400000005
386,3.759999999999998,33.42722534967245,,,,16.40802,14.71489840000001
387,3.769999999999998,33.86471676115631,,,,16.40802,14.664331319402995
388,3.779999999999998,33.689344418550945,,,,16.40802,14.61460594626866
389,3.789999999999998,33.76865697944199,,,,16.40802,14.56491701670645
390,3.799999999999998,32.97306427560021,,,,16.40802,14.521177164179107
391,3.809999999999998,33.23603787914339,,,,16.40802,14.501212985074629
392,3.819999999999998,33.27568950380373,,,,16.40802,14.457321343283589
393,3.829999999999998,33.278419831405465,,,,16.40802,14.391781044776133
394,3.839999999999998,33.308453463229256,,,,16.40802,14.340327910447767
395,3.849999999999998,33.36368087379273,,,,16.40802,14.292552016706447
396,3.859999999999998,33.38353868214685,,,,16.40802,14.250392112171843
397,3.869999999999998,33.09666963015837,,,,16.40802,14.209348728358215
398,3.879999999999998,33.28934256392632,,,,16.40802,14.169426340298507
399,3.889999999999998,32.84486870139799,,,,16.40802,14.118158169154235
400,3.899999999999998,32.91229416909776,,,,16.40802,14.06446662686568
401,3.909999999999998,32.87732113994883,,,,16.40802,14.01077508457712
402,3.9199999999999977,32.84234811079991,,,,16.40802,13.957098727128088
403,3.9299999999999975,32.80737508165098,,,,16.40802,13.90343922036596
404,3.939999999999998,32.77240205250206,,,,16.40802,13.873471820895524
405,3.949999999999998,32.73742902335313,,,,16.40802,13.846064280597014
406,3.9599999999999977,32.70245599420421,,,,16.40802,13.794147862686573
407,3.9699999999999975,32.66748296505528,,,,16.40802,13.73683137313434
408,3.979999999999998,32.59636486574014,,,,16.40802,13.672861223880597
409,3.989999999999998,32.45638715341028,,,,16.40802,13.621825435560863
410,3.999999999999998,32.312812934288864,,,,16.40802,13.574585229850754
411,4.009999999999998,32.164030191840126,,,,16.40802,13.527319558208957
412,4.019999999999999,32.32026531809224,,,,16.40802,13.478831556218903
413,4.0299999999999985,32.732746154491906,,,,16.40802,13.428669367164183
414,4.039999999999998,32.64041926510558,,,,16.40802,13.378507178109455
415,4.049999999999998,32.4272255388862,,,,16.40802,13.328347143993634
416,4.059999999999999,32.35835425678848,,,,16.40802,13.278214884645982
417,4.0699999999999985,32.3829243344898,,,,16.40802,13.228070773134334
418,4.079999999999998,32.23327186444993,,,,16.40802,13.177908584079614
419,4.089999999999998,32.22111177484588,,,,16.40802,13.127746395024886
420,4.099999999999998,32.40389569182298,,,,16.40802,13.077584205970156
421,4.1099999999999985,32.15299171318136,,,,16.40802,13.027422016915432
422,4.119999999999998,31.844137138768843,,,,16.40802,12.972164516706458
423,4.129999999999998,31.812869469328756,,,,16.40802,12.908268335322203
424,4.139999999999998,31.71782205472498,,,,16.40802,12.858241492537323
425,4.149999999999999,31.92379874953823,,,,16.40802,12.813901194029865
426,4.159999999999998,31.93459425879906,,,,16.40802,12.749960895522397
427,4.169999999999998,31.913127797907222,,,,16.40802,12.691081283582097
428,4.179999999999998,32.05570143196143,,,,16.40802,12.641809641791058
429,4.189999999999999,31.951347369524754,,,,16.40802,12.586305429594281
430,4.199999999999998,31.705164820191715,,,,16.40802,12.527731443914085
431,4.209999999999998,31.690026939165463,,,,16.40802,12.459865146268669
432,4.219999999999998,31.55676785503483,,,,16.40802,12.400017743283593
433,4.229999999999998,31.38231307321698,,,,16.40802,12.357408788059708
434,4.239999999999998,31.492492774123093,,,,16.40802,12.30364229253732
435,4.249999999999998,31.375861902708973,,,,16.40802,12.24370796417912
436,4.259999999999998,31.261463853045004,,,,16.40802,12.184166748210032
437,4.269999999999998,31.215806145251687,,,,16.40802,12.12441253731344
438,4.2799999999999985,30.946570186170664,,,,16.40802,12.064114029850755
439,4.289999999999998,30.860714428260845,,,,16.40802,12.007198841791052
440,4.299999999999998,30.877091382164508,,,,16.40802,11.952374961194034
441,4.309999999999998,30.790741197624534,,,,16.40802,11.899915617910457
442,4.3199999999999985,30.481823484664908,,,,16.40802,11.847741885441536
443,4.329999999999998,30.406766931202345,,,,16.40802,11.795957875894992
444,4.339999999999998,30.629083683766847,,,,16.40802,11.738539516417916
445,4.349999999999998,30.461474714992836,,,,16.40802,11.67723802388061
446,4.3599999999999985,30.529462905865827,,,,16.40802,11.61411348059702
447,4.369999999999998,30.73069469832571,,,,16.40802,11.55022290149254
448,4.379999999999998,30.615939189949398,,,,16.40802,11.484449767164191
449,4.389999999999998,30.50118368157308,,,,16.40802,11.433103931980915
450,4.399999999999998,30.38642817319677,,,,16.40802,11.39277576968974
451,4.409999999999998,30.271672664820443,,,,16.40802,11.339095731343289
452,4.419999999999998,30.15691715644413,,,,16.40802,11.284536686567174
453,4.429999999999998,30.042161648067815,,,,16.40802,11.23271579104478
454,4.439999999999998,29.916615036135582,,,,16.40802,11.173340274626874
455,4.449999999999998,29.781646215211367,,,,16.40802,11.107555200000009
456,4.459999999999998,29.838958769167352,,,,16.40802,11.053879546539383
457,4.469999999999998,30.06275055726572,,,,16.40802,11.003305910447763
458,4.479999999999998,29.987077906906947,,,,16.40802,10.957968597014933
459,4.489999999999998,29.73202640589911,,,,16.40802,10.904157611940304
460,4.499999999999998,29.57175486239716,,,,16.40802,10.842366567164179
461,4.509999999999998,29.60896970564031,,,,16.40802,10.783514268656722
462,4.519999999999998,29.85632661873423,,,,16.40802,10.723500680190943
463,4.5299999999999985,30.08185644087279,,,,16.40802,10.654777529832934
464,4.539999999999998,29.67769536833863,,,,16.40802,10.587248788059702
465,4.549999999999998,29.23571698054438,,,,16.40802,10.520968191044785
466,4.559999999999998,29.14082814929678,,,,16.40802,10.460368585074631
467,4.569999999999998,28.782604740549036,,,,16.40802,10.40321640597015
468,4.579999999999998,29.099643672539987,,,,16.40802,10.359377600000004
469,4.589999999999998,29.10559760547767,,,,16.40802,10.306301993317435
470,4.599999999999998,29.07185899519754,,,,16.40802,10.242556289260163
471,4.609999999999998,28.900934032312005,,,,16.40802,10.178780596179122
472,4.619999999999998,28.749857938804556,,,,16.40802,10.11499683498508
473,4.629999999999998,28.631283613609433,,,,16.40802,10.051213073791045
474,4.639999999999998,28.29714412601855,,,,16.40802,9.987429312597015
475,4.649999999999998,28.354321401732697,,,,16.40802,9.923645551402993
476,4.659999999999998,28.20722456766506,,,,16.40802,9.859890827804307
477,4.669999999999998,28.27159463077562,,,,16.40802,9.795600168955243
478,4.679999999999998,28.06000776298161,,,,16.40802,9.725590616716431
479,4.689999999999998,27.799560567265214,,,,16.40802,9.655581064477627
480,4.6999999999999975,27.83825486069534,,,,16.40802,9.585571512238829
481,4.709999999999998,27.87670297989803,,,,16.40802,9.517432840000014
482,4.719999999999998,28.205115962962736,,,,16.40802,9.44996429116946
483,4.729999999999998,28.105029945399085,,,,16.40802,9.38253350357997
484,4.7399999999999975,27.710514751260217,,,,16.40802,9.315087176716437
485,4.749999999999998,27.72903490293135,,,,16.40802,9.247616131940305
486,4.759999999999998,27.705058139216145,,,,16.40802,9.18014508716419
487,4.769999999999998,27.681081375500938,,,,16.40802,9.112674042388079
488,4.779999999999998,27.657104611785734,,,,16.40802,9.045202997611954
489,4.789999999999998,27.633127848070526,,,,16.40802,8.97692432756564
490,4.799999999999998,27.609151084355318,,,,16.40802,8.907216093675434
491,4.809999999999998,27.490883491342196,,,,16.40802,8.836792716417925
492,4.819999999999998,27.148483538741555,,,,16.40802,8.766204764179111
493,4.829999999999998,27.340574341573245,,,,16.40802,8.711881182089561
494,4.839999999999998,27.222132844513162,,,,16.40802,8.650548400000016
495,4.849999999999998,27.10369134745308,,,,16.40802,8.57530183283583
496,4.859999999999998,26.985249850392997,,,,16.40802,8.501395446300728
497,4.869999999999997,26.866808353332914,,,,16.40802,8.428179455847276
498,4.879999999999998,26.74836685627282,,,,16.40802,8.364735780298515
499,4.889999999999998,26.629925359212738,,,,16.40802,8.299451635820903
500,4.899999999999998,26.51148386215266,,,,16.40802,8.229696411940315
501,4.9099999999999975,26.48357078358878,,,,16.40802,8.158385223150374
502,4.919999999999998,26.622947587554215,,,,16.40802,8.086175795942722
503,4.929999999999998,26.552393676494514,,,,16.40802,8.009628081791055
504,4.939999999999998,26.213877084792504,,,,16.40802,7.933736974925388
505,4.9499999999999975,26.03495452414296,,,,16.40802,7.859991303283591
506,4.959999999999998,26.02640098935695,,,,16.40802,7.793210226268662
507,4.969999999999998,26.241095115597464,,,,16.40802,7.730919480000013
508,4.979999999999998,25.91220373762254,,,,16.40802,7.668663409904543
509,4.9899999999999975,25.761680302889122,,,,16.40802,7.60460388656717
510,4.999999999999998,25.883065104243666,,,,16.40802,7.535323289552247
511,5.009999999999998,25.71146478970542,,,,16.40802,7.478235505671647
512,5.019999999999998,25.57532779017141,,,,16.40802,7.429904759402987
513,5.029999999999998,25.549539071593156,,,,16.40802,
514,5.039999999999997,25.552639796803124,,,,16.40802,
515,5.049999999999998,25.32922104199968,,,,16.40802,
516,5.059999999999998,25.33442825594102,,,,16.40802,7.127709563266028
517,5.069999999999998,25.20276371501562,,,,16.40802,7.051493373626002
518,5.079999999999997,24.890339530428168,,,,16.40802,6.975277183985963
519,5.089999999999998,24.891393334533547,,,,16.40802,6.899060994345918
520,5.099999999999998,24.857486995370266,,,,16.40802,6.822844804705893
521,5.109999999999998,24.679523972961494,,,,16.40802,6.7466527623192585
522,5.119999999999997,24.535719655483682,,,,16.40802,6.670482047732699
523,5.129999999999998,24.36613116989787,,,,16.40802,6.59427245197542
524,5.139999999999998,24.389436863251788,,,,16.40802,6.518056262335392
525,5.149999999999998,24.307185560465605,,,,16.40802,6.441840072695351
526,5.1599999999999975,24.194130085269936,,,,16.40802,6.365623883055318
527,5.169999999999998,24.106488159261062,,,,16.40802,6.289407693415286
528,5.179999999999998,24.106488159261062,,,,16.40802,6.213229248069651
529,5.189999999999998,24.106488159261062,,,,16.40802,6.13705153032487
530,5.1999999999999975,24.106488159261062,,,,16.40802,6.060835340684829
531,5.209999999999997,24.106488159261062,,,,16.40802,5.984619151044795
532,5.219999999999998,24.106488159261062,,,,16.40802,5.908402961404763
533,5.229999999999998,24.106488159261062,,,,16.40802,5.832186771764725
534,5.2399999999999975,24.106488159261062,,,,16.40802,5.755976448406585
535,5.249999999999997,24.106488159261062,,,,16.40802,5.679805733820042
536,5.259999999999998,24.106488159261062,,,,16.40802,5.603614419034258
537,5.269999999999998,24.106488159261062,,,,16.40802,5.527398229394216
538,5.279999999999998,24.106488159261062,,,,16.40802,5.451182039754188
539,5.289999999999997,24.106488159261062,,,,16.40802,5.37496585011416
540,5.299999999999998,24.106488159261062,,,,16.40802,5.298749660474113
541,5.309999999999998,24.106488159261062,,,,16.40802,5.222931677804309
542,5.319999999999998,24.106488159261062,,,,16.40802,5.147645878281643
543,5.329999999999997,24.106488159261062,,,,16.40802,5.062407062089573
544,5.339999999999998,24.106488159261062,,,,16.40802,4.974536897313439
545,5.349999999999998,24.106488159261062,,,,16.40802,4.894470628656733
546,5.359999999999998,24.106488159261062,,,,16.40802,4.810627000000023
547,5.369999999999997,24.106488159261062,,,,16.40802,4.721164313432851
548,5.379999999999997,24.106488159261062,,,,16.40802,4.635847375895008
549,5.389999999999998,24.106488159261062,,,,16.40802,4.552758308656733
550,5.399999999999998,24.106488159261062,,,,16.40802,4.482156517611951
551,5.4099999999999975,24.106488159261062,,,,16.40802,4.411890320597025
552,5.419999999999997,24.106488159261062,,,,16.40802,4.342181066865691
553,5.429999999999998,24.106488159261062,,,,16.40802,4.265223263880611
554,5.439999999999998,24.106488159261062,,,,16.40802,4.185494616945115
555,5.4499999999999975,24.106488159261062,,,,16.40802,4.117787576372329
556,5.459999999999997,24.106488159261062,,,,16.40802,4.04402152238808
557,5.469999999999998,24.106488159261062,,,,16.40802,3.9590030149253796
558,5.479999999999998,24.106488159261062,,,,16.40802,3.867565358208968
559,5.4899999999999975,24.106488159261062,,,,16.40802,3.7730370000000253
560,5.499999999999997,24.106488159261062,,,,16.40802,3.6854705323383246
561,5.509999999999997,24.106488159261062,,,,16.40802,3.5979210450477472
562,5.519999999999998,24.106488159261062,,,,16.40802,3.510406824681798
563,5.529999999999998,24.106488159261062,,,,16.40802,3.4228586958209104
564,5.539999999999997,24.106488159261062,,,,16.40802,3.3352922281592114
565,5.549999999999997,24.106488159261062,,,,16.40802,3.2477257604975307
566,5.559999999999998,24.106488159261062,,,,16.40802,3.1601592928358375
567,5.569999999999998,24.106488159261062,,,,16.40802,3.0725928251741386
568,5.579999999999997,24.106488159261062,,,,16.40802,2.9850589598249924
569,5.589999999999997,24.106488159261062,,,,16.40802,2.8975447394590508
570,5.599999999999998,24.106488159261062,,,,16.40802,2.809980988656724
571,5.609999999999998,24.106488159261062,,,,16.40802,2.722414520995031
572,5.619999999999997,24.106488159261062,,,,16.40802,2.63484805333335
573,5.629999999999997,24.106488159261062,,,,16.40802,2.547281585671659
574,5.639999999999998,24.106488159261062,,,,16.40802,2.4597151180099526
575,5.649999999999998,24.106488159261062,,,,16.40802,2.372196874602238
576,5.6599999999999975,24.106488159261062,,,,16.40802,2.2846697491542445
577,5.669999999999997,24.106488159261062,,,,16.40802,2.197103281492546
578,5.679999999999997,24.106488159261062,,,,16.40802,2.109536813830858
579,5.689999999999998,24.106488159261062,,,,16.40802,2.02197034616917
580,5.6999999999999975,24.106488159261062,,,,16.40802,1.9421918913432927
581,5.709999999999997,24.106488159261062,,,,16.40802,1.8592546073985752
582,5.719999999999997,24.106488159261062,,,,16.40802,1.762113199284027
583,5.729999999999998,24.106488159261062,,,,16.40802,1.6739600459701665
584,5.7399999999999975,24.106488159261062,,,,16.40802,1.5932806429851023
585,5.749999999999997,24.106488159261062,,,,16.40802,1.5053779200000255
586,5.759999999999997,24.106488159261062,,,,16.40802,1.422209088955236
587,5.769999999999998,24.106488159261062,,,,16.40802,1.3628472979104498
588,5.779999999999998,24.106488159261062,,,,16.40802,1.3468599055290362
589,5.789999999999997,24.106488159261062,,,,16.40802,1.3707503192124066
590,5.799999999999997,24.106488159261062,,,,16.40802,1.39465278507462
591,5.809999999999998,24.106488159261062,,,,16.40802,1.4185574616915355
592,5.819999999999998,24.106488159261062,,,,16.40802,1.4424621383084528
593,5.829999999999997,24.106488159261062,,,,16.40802,1.4663668149253677
594,5.839999999999997,24.106488159261062,,,,16.40802,1.49027149154228
595,5.849999999999997,24.106488159261062,,,,16.40802,1.514164472553692
596,5.859999999999998,24.106488159261062,,,,16.40802,1.5380569400994992
597,5.869999999999997,24.106488159261062,,,,16.40802,1.5619616167164114
598,5.879999999999997,24.106488159261062,,,,16.40802,1.5775720399999982
599,5.889999999999997,24.106488159261062,,,,16.40802,1.583791741492536
600,5.899999999999998,24.106488159261062,,,,16.40802,1.586632084179104
601,5.9099999999999975,24.106488159261062,,,,16.40802,1.587848723747018
602,5.919999999999997,24.106488159261062,,,,16.40802,1.5835354779236286
603,5.929999999999997,24.106488159261062,,,,16.40802,1.5876454967164149
604,5.939999999999998,24.106488159261062,,,,16.40802,1.6023463922388024
605,5.9499999999999975,24.106488159261062,,,,16.40802,1.6040487845970155
606,5.959999999999997,24.106488159261062,,,,16.40802,1.6018245457910452
607,5.969999999999997,24.106488159261062,,,,16.40802,1.5996003069850753
608,5.979999999999997,24.106488159261062,,,,16.40802,1.5973766229116952
609,5.9899999999999975,24.106488159261062,,,,16.40802,1.595153711217184
610,5.999999999999997,24.106488159261062,,,,16.40802,1.5929298148059707
611,6.009999999999997,24.106488159261062,,,,16.40802,1.5907055760000008
612,6.019999999999997,24.106488159261062,,,,16.40802,1.5884813371940305
613,6.029999999999998,24.106488159261062,,,,16.40802,1.5854264328358216
614,6.039999999999997,24.106488159261062,,,,16.40802,1.5810831492537325
615,6.049999999999997,24.106488159261062,,,,16.40802,1.575241307130073
616,6.059999999999997,24.106488159261062,,,,16.40802,1.5688078262686576
617,6.069999999999998,24.106488159261062,,,,16.40802,1.5623706620895532
618,6.079999999999997,24.106488159261062,,,,16.40802,1.555933497910449
619,6.089999999999997,24.106488159261062,,,,16.40802,1.549496333731344
620,6.099999999999997,24.106488159261062,,,,16.40802,1.5430591695522402
621,6.109999999999998,24.106488159261062,,,,16.40802,1.536892742243434
622,6.119999999999997,24.106488159261062,,,,16.40802,1.5473766324582323
623,6.129999999999997,24.106488159261062,,,,16.40802,1.5544446358208954
624,6.139999999999997,24.106488159261062,,,,16.40802,1.5548817999999998
625,6.149999999999997,24.106488159261062,,,,16.40802,1.5553189641791043
626,6.1599999999999975,24.106488159261062,,,,16.40802,1.5557561283582089
627,6.169999999999997,24.106488159261062,,,,16.40802,1.5561932925373134
628,6.179999999999997,24.106488159261062,,,,16.40802,1.5566303745525059
629,6.189999999999997,24.106488159261062,,,,16.40802,1.5570672778937948
630,6.1999999999999975,24.106488159261062,,,,16.40802,1.5517414262686577
631,6.209999999999997,24.106488159261062,,,,16.40802,1.5431599337313453
632,6.219999999999997,24.106488159261062,,,,16.40802,1.5346578632835834
633,6.229999999999997,24.106488159261062,,,,16.40802,1.5322696853731326
634,6.2399999999999975,24.106488159261062,,,,16.40802,1.544915655522386
635,6.249999999999997,24.106488159261062,,,,16.40802,1.559878176610976
636,6.259999999999997,24.106488159261062,,,,16.40802,1.576297031026252
637,6.269999999999997,24.106488159261062,,,,16.40802,1.57722484
638,6.279999999999998,24.106488159261062,,,,16.40802,1.5771287205970148
639,6.289999999999997,24.106488159261062,,,,16.40802,1.5770326011940299
640,6.299999999999997,24.106488159261062,,,,16.40802,1.57498446778043
641,6.309999999999997,24.106488159261062,,,,16.40802,1.571568596658712
642,6.319999999999997,24.106488159261062,,,,16.40802,1.566614349850748
643,6.329999999999997,24.106488159261062,,,,16.40802,1.5625045164179108
644,6.339999999999997,24.106488159261062,,,,16.40802,1.5615910835820899
645,6.349999999999997,24.106488159261062,,,,16.40802,1.5606655719402989
646,6.359999999999997,24.106488159261062,,,,16.40802,1.5597306465671645
647,6.369999999999997,24.106488159261062,,,,16.40802,1.5625500889021473
648,6.379999999999997,24.106488159261062,,,,16.40802,1.565490733731343
649,6.389999999999997,24.106488159261062,,,,16.40802,1.5670961068656712
650,6.399999999999997,24.106488159261062,,,,16.40802,1.5668938000000006
651,6.4099999999999975,24.106488159261062,,,,16.40802,1.5651266358208957
652,6.419999999999997,24.106488159261062,,,,16.40802,1.5629086674626873
653,6.429999999999997,24.106488159261062,,,,16.40802,1.5606170656324592
654,6.439999999999997,24.106488159261062,,,,16.40802,1.5583217195704062
655,6.4499999999999975,24.106488159261062,,,,16.40802,1.5599022835820886
656,6.459999999999997,24.106488159261062,,,,16.40802,1.5652067611940281
657,6.469999999999997,24.106488159261062,,,,16.40802,1.5675162059701488
658,6.479999999999997,24.106488159261062,,,,16.40802,1.5698725761194017
659,6.489999999999997,24.106488159261062,,,,16.40802,1.5755824268656695
660,6.499999999999997,24.106488159261062,,,,16.40802,1.5780637547732699
661,6.509999999999997,24.106488159261062,,,,16.40802,1.577116857398568
662,6.519999999999997,24.106488159261062,,,,16.40802,1.5790505086567157
663,6.529999999999997,24.106488159261062,,,,16.40802,1.5814811199999996
664,6.539999999999997,24.106488159261062,,,,16.40802,1.5827282841791042
665,6.549999999999997,24.106488159261062,,,,16.40802,1.5803064626865684
666,6.559999999999997,24.106488159261062,,,,16.40802,1.573560194029853
667,6.569999999999997,24.106488159261062,,,,16.40802,1.5730923556085916
668,6.579999999999997,24.106488159261062,,,,16.40802,1.5746002232835816
669,6.589999999999997,24.106488159261062,,,,16.40802,1.5781393277611933
670,6.599999999999997,24.106488159261062,,,,16.40802,1.5779998710447776
671,6.609999999999997,24.106488159261062,,,,16.40802,1.5730434531343294
672,6.619999999999997,24.106488159261062,,,,16.40802,1.576664879999999
673,6.629999999999997,24.106488159261062,,,,16.40802,1.5825347197692918
674,6.639999999999997,24.106488159261062,,,,16.40802,1.5829891748210023
675,6.649999999999997,24.106488159261062,,,,16.40802,1.5834437402985073
676,6.659999999999997,24.106488159261062,,,,16.40802,1.5838984666666664
677,6.669999999999997,24.106488159261062,,,,16.40802,1.5843531930348258
678,6.679999999999997,24.106488159261062,,,,16.40802,1.585184096716417
679,6.689999999999997,24.106488159261062,,,,16.40802,1.592238425074625
680,6.699999999999997,24.106488159261062,,,,16.40802,1.5947659498806697
681,6.709999999999997,24.106488159261062,,,,16.40802,1.589970007159905
682,6.719999999999997,24.106488159261062,,,,16.40802,1.5935508931343272
683,6.729999999999997,24.106488159261062,,,,16.40802,1.6004726794029844
684,6.739999999999997,24.106488159261062,,,,16.40802,1.6027849182089546
685,6.749999999999997,24.106488159261062,,,,16.40802,1.6042576346268658
686,6.759999999999997,24.106488159261062,,,,16.40802,1.604211664477612
687,6.769999999999997,24.106488159261062,,,,16.40802,1.604197
688,6.779999999999997,24.106488159261062,,,,16.40802,1.6041966149253732
689,6.7899999999999965,24.106488159261062,,,,16.40802,1.6041196
690,6.799999999999997,24.106488159261062,,,,16.40802,1.6024861671641801
691,6.809999999999997,24.106488159261062,,,,16.40802,1.5976927343283587
692,6.819999999999997,24.106488159261062,,,,16.40802,1.600140277611939
693,6.8299999999999965,24.106488159261062,,,,16.40802,1.606401770149252
694,6.839999999999997,24.106488159261062,,,,16.40802,1.605730019093079
695,6.849999999999997,24.106488159261062,,,,16.40802,1.6051531104477612
696,6.859999999999997,24.106488159261062,,,,16.40802,1.605117289552239
697,6.8699999999999966,24.106488159261062,,,,16.40802,1.6013100973134349
698,6.879999999999997,24.106488159261062,,,,16.40802,1.5952784555223902
699,6.889999999999997,24.106488159261062,,,,16.40802,1.599244164179103
700,6.899999999999997,24.106488159261062,,,,16.40802,1.603062769093078
701,6.909999999999997,24.106488159261062,,,,16.40802,1.605255489856801
702,6.919999999999997,24.106488159261062,,,,16.40802,1.60609972
703,6.929999999999997,24.106488159261062,,,,16.40802,1.6060561379104477
704,6.939999999999997,24.106488159261062,,,,16.40802,1.609515686567163
705,6.949999999999997,24.106488159261062,,,,16.40802,1.610387601194033
706,6.959999999999996,24.106488159261062,,,,16.40802,1.6028168549253756
707,6.969999999999997,24.106488159261062,,,,16.40802,1.6000399809069212
708,6.979999999999997,24.106488159261062,,,,16.40802,1.6007631312649162
709,6.989999999999997,24.106488159261062,,,,16.40802,1.6028027832835814
710,6.9999999999999964,24.106488159261062,,,,16.40802,1.6029518208955242
711,7.009999999999997,24.106488159261062,,,,16.40802,1.5961757014925395
712,7.019999999999997,24.106488159261062,,,,16.40802,1.5955941755223866
713,7.029999999999997,24.106488159261062,,,,16.40802,1.6000401456716407
714,7.0399999999999965,24.106488159261062,,,,16.40802,1.5966106736276864
715,7.049999999999997,24.106488159261062,,,,16.40802,1.5931313999999999
716,7.059999999999997,24.106488159261062,,,,16.40802,1.5938448328358208
717,7.069999999999997,24.106488159261062,,,,16.40802,1.5988698955223857
718,7.0799999999999965,24.106488159261062,,,,16.40802,1.6077803432835787
719,7.089999999999997,24.106488159261062,,,,16.40802,1.6078012704477616
720,7.099999999999997,24.106488159261062,,,,16.40802,1.6062705298329358
721,7.109999999999997,24.106488159261062,,,,16.40802,1.604762176610979
722,7.1199999999999966,24.106488159261062,,,,16.40802,1.6043760597014924
723,7.129999999999996,24.106488159261062,,,,16.40802,1.6051121791044773
724,7.139999999999997,24.106488159261062,,,,16.40802,1.6045893731343286
725,7.149999999999997,24.106488159261062,,,,16.40802,1.6041376716417906
726,7.159999999999997,24.106488159261062,,,,16.40802,1.605602149253731
727,7.169999999999996,24.106488159261062,,,,16.40802,1.6077713430787581
728,7.179999999999997,24.106488159261062,,,,16.40802,1.6107194337708823
729,7.189999999999997,24.106488159261062,,,,16.40802,1.610711915223881
730,7.199999999999997,24.106488159261062,,,,16.40802,1.6117194495522364
731,7.209999999999996,24.106488159261062,,,,16.40802,1.6251504943283541
732,7.219999999999997,24.106488159261062,,,,16.40802,1.6318586017910452
733,7.229999999999997,24.106488159261062,,,,16.40802,1.6303165122388064
734,7.239999999999997,24.106488159261062,,,,16.40802,1.627640458233891
735,7.2499999999999964,24.106488159261062,,,,16.40802,1.624853929552239
736,7.259999999999996,24.106488159261062,,,,16.40802,1.6240981086567166
737,7.269999999999997,24.106488159261062,,,,16.40802,1.6220679844776125
738,7.279999999999997,24.106488159261062,,,,16.40802,1.6182996262686578
739,7.2899999999999965,24.106488159261062,,,,16.40802,1.6251452764179077
740,7.299999999999996,24.106488159261062,,,,16.40802,1.6344766724343684
741,7.309999999999997,24.106488159261062,,,,16.40802,1.6299653359188555
742,7.319999999999997,24.106488159261062,,,,16.40802,1.6296106459701478
743,7.3299999999999965,24.106488159261062,,,,16.40802,1.6355694519402977
744,7.339999999999996,24.106488159261062,,,,16.40802,1.6366561588059705
745,7.349999999999997,24.106488159261062,,,,16.40802,1.635904
746,7.359999999999997,24.106488159261062,,,,16.40802,1.635904
747,7.3699999999999966,24.106488159261062,,,,16.40802,1.6361692386634843
748,7.379999999999996,24.106488159261062,,,,16.40802,1.636882245823389
749,7.389999999999997,24.106488159261062,,,,16.40802,1.6323894692537324
750,7.399999999999997,24.106488159261062,,,,16.40802,1.6259527713432826
751,7.409999999999997,24.106488159261062,,,,16.40802,1.634894263880595
752,7.419999999999996,24.106488159261062,,,,16.40802,1.6402129814925377
753,7.429999999999996,24.106488159261062,,,,16.40802,1.638684026268657
754,7.439999999999997,24.106488159261062,,,,16.40802,1.6376697428400957
755,7.449999999999997,24.106488159261062,,,,16.40802,1.6369078096658711
756,7.459999999999996,24.106488159261062,,,,16.40802,1.6346437164179113
757,7.469999999999996,24.106488159261062,,,,16.40802,1.6311642895522416
758,7.479999999999997,24.106488159261062,,,,16.40802,1.6251183194029868
759,7.489999999999997,24.106488159261062,,,,16.40802,1.6326084925373086
760,7.4999999999999964,24.106488159261062,,,,16.40802,1.6475487910447693
761,7.509999999999996,24.106488159261062,,,,16.40802,1.639263527446304
762,7.519999999999997,24.106488159261062,,,,16.40802,1.6329027874626867
763,7.529999999999997,24.106488159261062,,,,16.40802,1.6328884591044777
764,7.5399999999999965,24.106488159261062,,,,16.40802,1.6361128865671624
765,7.549999999999996,24.106488159261062,,,,16.40802,1.641330797014924
766,7.559999999999997,24.106488159261062,,,,16.40802,1.6514608889552207
767,7.569999999999997,24.106488159261062,,,,16.40802,1.6556360889021529
768,7.5799999999999965,24.106488159261062,,,,16.40802,1.6428371628878318
769,7.589999999999996,24.106488159261062,,,,16.40802,1.6402895964179092
770,7.599999999999996,24.106488159261062,,,,16.40802,1.6447779546268637
771,7.609999999999997,24.106488159261062,,,,16.40802,1.6438076382089557
772,7.6199999999999966,24.106488159261062,,,,16.40802,1.6430628454653933
773,7.629999999999996,24.106488159261062,,,,16.40802,1.6445395757756558
774,7.639999999999996,24.106488159261062,,,,16.40802,1.642632069850748
775,7.649999999999997,24.106488159261062,,,,16.40802,1.6381401295522398
776,7.659999999999997,24.106488159261062,,,,16.40802,1.6396078143283577
777,7.669999999999996,24.106488159261062,,,,16.40802,1.6421317014925358
778,7.679999999999996,24.106488159261062,,,,16.40802,1.6458630447761182
779,7.689999999999997,24.106488159261062,,,,16.40802,1.64230011217184
780,7.699999999999997,24.106488159261062,,,,16.40802,1.6325733818615784
781,7.709999999999996,24.106488159261062,,,,16.40802,1.63127
782,7.719999999999996,24.106488159261062,,,,16.40802,1.6331220728358187
783,7.729999999999997,24.106488159261062,,,,16.40802,1.6428187892537287
784,7.739999999999997,24.106488159261062,,,,16.40802,1.650982600597013
785,7.7499999999999964,24.106488159261062,,,,16.40802,1.6577085707462673
786,7.759999999999996,24.106488159261062,,,,16.40802,1.6612723979713595
787,7.769999999999996,24.106488159261062,,,,16.40802,1.6636229104477613
788,7.779999999999997,24.106488159261062,,,,16.40802,1.6628587313432837
789,7.7899999999999965,24.106488159261062,,,,16.40802,1.664309937313432
790,7.799999999999996,24.106488159261062,,,,16.40802,1.6680669522388047
791,7.809999999999996,24.106488159261062,,,,16.40802,1.6620332626865697
792,7.819999999999997,24.106488159261062,,,,16.40802,1.6558726539379465
793,7.8299999999999965,24.106488159261062,,,,16.40802,1.6625844677804278
794,7.839999999999996,24.106488159261062,,,,16.40802,1.664783351641792
795,7.849999999999996,24.106488159261062,,,,16.40802,1.6617690232835827
796,7.859999999999997,24.106488159261062,,,,16.40802,1.66053336
797,7.8699999999999966,24.106488159261062,,,,16.40802,1.6602845564179092
798,7.879999999999996,24.106488159261062,,,,16.40802,1.6640087355223872
